{
    "BaseCamera": {
        "rotate": {
            "w": 0.9762960076332092,
            "x": 0.2164396196603775,
            "y": 0.0,
            "z": 0.0
        },
        "translate": {
            "x": 0.0,
            "y": 4.0,
            "z": -8.0
        }
    }
}
