{
    "railData": {
        "RailPointData_0": {
            "pos": [
                0.0,
                0.0,
                0.0
            ],
            "rotate": [
                0.0,
                0.0,
                0.0,
                1.0
            ]
        },
        "RailPointData_1": {
            "pos": [
                0.0,
                0.0,
                2.0
            ],
            "rotate": [
                0.0,
                0.0,
                0.0,
                1.0
            ]
        },
        "RailPointData_10": {
            "pos": [
                0.0,
                0.0,
                27.200000762939453
            ],
            "rotate": [
                0.0,
                0.0,
                0.7954292893409729,
                0.6060463786125183
            ]
        },
        "RailPointData_11": {
            "pos": [
                0.0,
                0.0,
                30.399999618530273
            ],
            "rotate": [
                0.0,
                0.0,
                0.8955382704734802,
                0.4449845254421234
            ]
        },
        "RailPointData_2": {
            "pos": [
                0.0,
                0.0,
                4.0
            ],
            "rotate": [
                0.0,
                0.0,
                0.0,
                1.0
            ]
        },
        "RailPointData_3": {
            "pos": [
                0.0,
                0.0,
                6.0
            ],
            "rotate": [
                0.0,
                0.0,
                0.0,
                1.0
            ]
        },
        "RailPointData_4": {
            "pos": [
                0.0,
                0.0,
                8.0
            ],
            "rotate": [
                0.0,
                0.0,
                0.0,
                1.0
            ]
        },
        "RailPointData_5": {
            "pos": [
                0.0,
                0.0,
                12.100000381469727
            ],
            "rotate": [
                0.0,
                0.0,
                0.21808412671089172,
                0.9759300351142883
            ]
        },
        "RailPointData_6": {
            "pos": [
                0.0,
                0.0,
                15.300000190734863
            ],
            "rotate": [
                0.0,
                0.0,
                0.31441423296928406,
                0.9492858648300171
            ]
        },
        "RailPointData_7": {
            "pos": [
                0.0,
                0.0,
                17.600000381469727
            ],
            "rotate": [
                0.0,
                0.0,
                0.38925713300704956,
                0.9211291670799255
            ]
        },
        "RailPointData_8": {
            "pos": [
                0.0,
                0.0,
                20.700000762939453
            ],
            "rotate": [
                0.0,
                0.0,
                0.4967178404331207,
                0.8679121732711792
            ]
        },
        "RailPointData_9": {
            "pos": [
                0.0,
                0.0,
                23.899999618530273
            ],
            "rotate": [
                0.0,
                0.0,
                0.6440364122390747,
                0.7649949193000793
            ]
        }
    }
}
