{
    "down2": {
        "angle": 2.0,
        "color": [
            1.0,
            1.0,
            1.0,
            1.0
        ],
        "count": 4,
        "dampig": 2.0,
        "emitterLifeTime": 10.0,
        "frequency": 0.5,
        "frequencyTime": 0.06391795724630356,
        "gravity": 0.0,
        "height": 1.0,
        "lifeTime": 0.4000000059604645,
        "maxScale": [
            1.0,
            1.0,
            1.0
        ],
        "minScale": [
            1.0,
            1.0,
            1.0
        ],
        "modelName": "spark.obj",
        "oneShot": true,
        "radius": 1.0,
        "rotate": [
            0.0,
            0.0,
            0.0,
            1.0
        ],
        "shape": 1,
        "speed": 2.700000047683716,
        "translate": [
            0.0,
            0.0,
            0.0
        ],
        "velocity": [
            0.0,
            0.0,
            0.0
        ]
    }
}
