{
    "down1": {
        "angle": 2.0,
        "color": [
            0.21960784494876862,
            0.2235294133424759,
            0.3450980484485626,
            1.0
        ],
        "count": 5,
        "dampig": 1.2000000476837158,
        "emitterLifeTime": 10.0,
        "frequency": 0.5,
        "frequencyTime": 0.049762625247240067,
        "gravity": -7.199999809265137,
        "height": 1.0,
        "lifeTime": 1.600000023841858,
        "maxScale": [
            1.0,
            1.0,
            1.0
        ],
        "minScale": [
            1.0,
            1.0,
            1.0
        ],
        "modelName": "cube.obj",
        "oneShot": true,
        "radius": 1.0,
        "rotate": [
            0.0,
            0.0,
            0.0,
            1.0
        ],
        "shape": 1,
        "speed": 4.699999809265137,
        "translate": [
            0.0,
            0.0,
            0.0
        ],
        "velocity": [
            0.0,
            0.0,
            0.0
        ]
    }
}
