{
    "emit": {
        "color": [
            1.0,
            0.0941176488995552,
            0.0,
            1.0
        ],
        "count": 14,
        "dampig": 2.0,
        "emitterLifeTime": 0.800000011920929,
        "frequency": 0.5,
        "frequencyTime": 0.49918225407600403,
        "gravity": 0.0,
        "lifeTime": 4,
        "radius": 1.0,
        "oneShot": true,
        "rotate": [
            0.0,
            0.0,
            0.0,
            1.0
        ],
        "shape": 0,
        "speed": 5.0,
        "translate": [
            0.0,
            1.0,
            0.0
        ],
        "velocity": [
            0.0,
            0.0,
            0.0
        ]
    }
}
