{
    "spark": {
        "color": [
            1.0,
            0.23137255012989044,
            0.15294118225574493,
            1.0
        ],
        "count": 20,
        "dampig": 2.0,
        "emitterLifeTime": 10.0,
        "frequency": 0.5,
        "frequencyTime": 0.14962705969810486,
        "gravity": 0.0,
        "lifeTime": 0.20000000298023224,
        "modelName": "spark.obj",
        "oneShot": false,
        "radius": 1.0,
        "rotate": [
            0.0,
            0.0,
            0.0,
            1.0
        ],
        "shape": 0,
        "speed": 22.299999237060547,
        "translate": [
            0.0,
            0.0,
            0.0
        ],
        "velocity": [
            0.0,
            0.0,
            0.0
        ]
    }
}
