{
    "spark1": {
        "color": [
            1.0,
            0.1725490242242813,
            0.003921568859368563,
            1.0
        ],
        "count": 14,
        "dampig": 2.0,
        "emitterLifeTime": 10.0,
        "frequency": 0.5,
        "frequencyTime": 0.44942864775657654,
        "gravity": -7.099999904632568,
        "lifeTime": 0.30000001192092896,
        "maxScale": [
            1.0,
            1.0,
            1.0
        ],
        "minScale": [
            1.0,
            1.0,
            1.0
        ],
        "modelName": "spark.obj",
        "oneShot": true,
        "radius": 1.0,
        "rotate": [
            0.0,
            0.0,
            0.0,
            1.0
        ],
        "shape": 0,
        "speed": 30.5,
        "translate": [
            0.0,
            0.0,
            0.0
        ],
        "velocity": [
            0.0,
            0.0,
            0.0
        ]
    }
}
