{
    "sphere2": {
        "color": [
            1.0,
            0.5137255191802979,
            0.0,
            1.0
        ],
        "count": 6,
        "dampig": 0.0,
        "emitterLifeTime": 10.0,
        "frequency": 0.5,
        "frequencyTime": 0.3211418390274048,
        "gravity": 0.0,
        "lifeTime": 0.5,
        "oneShot": false,
        "radius": 1.0,
        "rotate": [
            0.0,
            0.0,
            0.0,
            1.0
        ],
        "shape": 0,
        "speed": 14.199999809265137,
        "translate": [
            0.0,
            0.0,
            0.0
        ],
        "maxScale": [
            0.2,
            0.2,
            0.2
        ],
         "minScale": [
            0.2,
            0.2,
            0.2
        ],
        "velocity": [
            0.0,
            0.0,
            0.0
        ]
    }
}
