{
    "sphere1": {
        "color": [
            1.0,
            0.062745101749897,
            0.062745101749897,
            1.0
        ],
        "count": 14,
        "dampig": 2.0,
        "emitterLifeTime": 10.0,
        "frequency": 0.5,
        "frequencyTime": 0.2856889069080353,
        "gravity": 0.0,
        "lifeTime": 0.5,
        "oneShot": false,
        "radius": 1.0,
        "rotate": [
            0.0,
            0.0,
            0.0,
            1.0
        ],
        "shape": 0,
        "speed": 13.800000190734863,
        "translate": [
            0.0,
            0.0,
            0.0
        ],
        "maxScale": [
            0.2,
            0.2,
            0.2
        ],
         "minScale": [
            0.2,
            0.2,
            0.2
        ],
        "velocity": [
            0.0,
            0.0,
            0.0
        ]
    }
}
