{
    "spotLight": {
        "color": [
            1.0,
            1.0,
            1.0,
            1.0
        ],
        "cosAngle": 3.1419999599456787,
        "cosFalloffStart": 0.30000001192092896,
        "decay": 1.0,
        "direction": [
            0.0,
            -1.0,
            0.3162277936935425
        ],
        "distance": 50.0,
        "intensity": 10.0,
        "pos": [
            0.0,
            40.0,
            0.0
        ]
    }
}
