{
    "pop_1": {
        "enemyData_0": {
            "translate": [
                -7.699999809265137,
                8.5775794386863708,
                95.5999984741211
            ],
            "type": 0,
            "velocity": [
                0.0,
                -3.699999988079071,
                0.0
            ]
        },
        "enemyData_1": {
            "translate": [
                -4.199999809265137,
                8.844839572906494,
                95.0
            ],
            "type": 0,
            "velocity": [
                0.0,
                -3.399999976158142,
                0.0
            ]
        },
        "enemyData_2": {
            "translate": [
                5.199999809265137,
                8.03202748298645,
                95.0
            ],
            "type": 0,
            "velocity": [
                0.0,
                -3.0,
                0.0
            ]
        },
        "enemyData_3": {
            "translate": [
                8.899999618530273,
                8.454455375671387,
                95.0
            ],
            "type": 0,
            "velocity": [
                0.0,
                -3.7000000476837158,
                0.0
            ]
        },
        "popIndex": 30
    }
}
