{
    "pop_14": {
        "enemyData_0": {
            "translate": [
                194.0070037841797,
                25.246000289916992,
                161.33299255371094
            ],
            "type": 0,
            "velocity": [
                0.0,
                0.0,
                0.0
            ]
        },
        "enemyData_1": {
            "translate": [
                197.10000610351563,
                25.04599952697754,
                166.60000610351563
            ],
            "type": 0,
            "velocity": [
                0.0,
                0.0,
                0.10000000149011612
            ]
        },
        "popIndex": 64
    }
}
