{
    "pop_29": {
        "enemyData_0": {
            "translate": [
                28.066999435424805,
                3.927999973297119,
                142.12399291992188
            ],
            "type": 2,
            "velocity": [
                0.0,
                1.2999999523162842,
                0.0
            ]
        },
        "enemyData_1": {
            "translate": [
                25.466999053955078,
                3.2279999256134033,
                139.32400512695313
            ],
            "type": 2,
            "velocity": [
                0.0,
                1.7000000476837158,
                0.0
            ]
        },
        "enemyData_2": {
            "translate": [
                23.267000198364258,
                4.127999782562256,
                139.82400512695313
            ],
            "type": 2,
            "velocity": [
                0.0,
                1.7999999523162842,
                0.0
            ]
        },
        "enemyData_3": {
            "translate": [
                17.267000198364258,
                3.2279999256134033,
                138.0240020751953
            ],
            "type": 2,
            "velocity": [
                0.0,
                2.0,
                0.0
            ]
        },
        "popIndex": 101
    }
}
