{
    "pop_24": {
        "enemyData_0": {
            "translate": [
                61.790000915527344,
                12.465999603271484,
                -81.60800170898438
            ],
            "type": 0,
            "velocity": [
                0.0,
                1.600000023841858,
                1.600000023841858
            ]
        },
        "enemyData_1": {
            "translate": [
                65.88999938964844,
                13.765604972839355,
                -80.90799713134766
            ],
            "type": 0,
            "velocity": [
                0.0,
                1.600000023841858,
                1.600000023841858
            ]
        },
        "enemyData_2": {
            "translate": [
                64.98999786376953,
                12.366000175476074,
                -83.20800018310547
            ],
            "type": 0,
            "velocity": [
                0.0,
                0.0,
                0.0
            ]
        },
        "popIndex": 132
    }
}
