{
    "pop_25": {
        "enemyData_0": {
            "translate": [
                51.08599853515625,
                7.622000217437744,
                -9.237000465393066
            ],
            "type": 1,
            "velocity": [
                0.0,
                0.0,
                -2.700000047683716
            ]
        },
        "enemyData_1": {
            "translate": [
                56.2859992980957,
                11.421863555908203,
                -6.520999908447266
            ],
            "type": 1,
            "velocity": [
                0.0,
                0.0,
                -3.0
            ]
        },
        "popIndex": 138
    }
}
