{
    "pop_15": {
        "enemyData_0": {
            "translate": [
                175.7429962158203,
                13.0,
                157.68800354003906
            ],
            "type": 2,
            "velocity": [
                0.0,
                2.0,
                0.0
            ]
        },
        "enemyData_1": {
            "translate": [
                170.0,
                13.0,
                147.0
            ],
            "type": 2,
            "velocity": [
                0.0,
                2.5999999046325684,
                0.10000000149011612
            ]
        },
        "enemyData_2": {
            "translate": [
                170.0,
                14.0,
                155.60000610351563
            ],
            "type": 2,
            "velocity": [
                0.0,
                2.5,
                0.0
            ]
        },
        "popIndex": 67
    }
}
