{
    "pop_5": {
        "enemyData_0": {
            "translate": [
                -8.116000175476074,
                -3.6549999713897705,
                215.4149932861328
            ],
            "type": 0,
            "velocity": [
                0.0,
                0.0,
                0.0
            ]
        },
        "enemyData_1": {
            "translate": [
                -3.315999984741211,
                -3.6549999713897705,
                214.71499633789063
            ],
            "type": 0,
            "velocity": [
                0.0,
                0.0,
                0.0
            ]
        },
        "enemyData_2": {
            "translate": [
                -5.116000175476074,
                -1.4550000429153442,
                212.11500549316406
            ],
            "type": 0,
            "velocity": [
                0.0,
                0.0,
                0.0
            ]
        },
        "popIndex": 120
    }
}
