{
    "pop_22": {
        "enemyData_0": {
            "translate": [
                58.33700180053711,
                18.618000030517578,
                126.90699768066406
            ],
            "type": 1,
            "velocity": [
                0.0,
                0.0,
                1.600000023841858
            ]
        },
        "enemyData_1": {
            "translate": [
                51.0369987487793,
                18.01799964904785,
                119.10700225830078
            ],
            "type": 1,
            "velocity": [
                0.0,
                0.0,
                1.600000023841858
            ]
        },
        "popIndex": 80
    }
}
