{
    "pop_23": {
        "enemyData_0": {
            "translate": [
                -47.801998138427734,
                -3.006999969482422,
                143.57565307617188
            ],
            "type": 2,
            "velocity": [
                0.0,
                1.600000023841858,
                1.600000023841858
            ]
        },
        "enemyData_1": {
            "translate": [
                -48.10200119018555,
                -2.506999969482422,
                140.5760040283203
            ],
            "type": 2,
            "velocity": [
                0.0,
                1.600000023841858,
                1.600000023841858
            ]
        },
        "enemyData_2": {
            "translate": [
                -63.301998138427734,
                -8.206999778747559,
                147.7760009765625
            ],
            "type": 2,
            "velocity": [
                0.0,
                2.299999952316284,
                0.0
            ]
        },
        "enemyData_3": {
            "translate": [
                -59.902000427246094,
                -4.60699987411499,
                142.87600708007813
            ],
            "type": 2,
            "velocity": [
                0.0,
                1.7000000476837158,
                0.0
            ]
        },
        "enemyData_4": {
            "translate": [
                -33.50199890136719,
                -2.6070001125335693,
                146.37600708007813
            ],
            "type": 2,
            "velocity": [
                0.0,
                2.0999999046325684,
                0.0
            ]
        },
        "popIndex": 92
    }
}
