{
    "pop_10": {
        "enemyData_0": {
            "translate": [
                167.22647094726563,
                26.67099952697754,
                270.7044982910156
            ],
            "type": 1,
            "velocity": [
                1.2000000476837158,
                0.0,
                0.6000000238418579
            ]
        },
        "enemyData_1": {
            "translate": [
                143.3209991455078,
                24.17099952697754,
                271.85198974609375
            ],
            "type": 1,
            "velocity": [
                1.2000000476837158,
                0.0,
                0.30000001192092896
            ]
        },
        "popIndex": 235
    }
}
