{
    "pop_18": {
        "enemyData_0": {
            "translate": [
                13.218332290649414,
                8.607999801635742,
                148.85000610351563
            ],
            "type": 0,
            "velocity": [
                0.0,
                0.0,
                -1.2000000476837158
            ]
        },
        "enemyData_1": {
            "translate": [
                23.09000015258789,
                8.878000259399414,
                140.593994140625
            ],
            "type": 0,
            "velocity": [
                0.0,
                0.0,
                2.299999952316284
            ]
        },
        "popIndex": 80
    }
}
