{
    "pop_30": {
        "enemyData_0": {
            "translate": [
                -29.58300018310547,
                2.6762659549713135,
                125.15499877929688
            ],
            "type": 1,
            "velocity": [
                0.0,
                0.0,
                1.2999999523162842
            ]
        },
        "enemyData_1": {
            "translate": [
                -38.983001708984375,
                4.776000022888184,
                116.65499877929688
            ],
            "type": 1,
            "velocity": [
                0.0,
                0.0,
                1.7999999523162842
            ]
        },
        "popIndex": 110
    }
}
