{
    "pop_28": {
        "enemyData_0": {
            "translate": [
                103.80799865722656,
                20.479000091552734,
                157.91400146484375
            ],
            "type": 0,
            "velocity": [
                0.0,
                0.0,
                0.0
            ]
        },
        "enemyData_1": {
            "translate": [
                99.60800170898438,
                21.878999710083008,
                155.91400146484375
            ],
            "type": 0,
            "velocity": [
                0.0,
                0.0,
                0.0
            ]
        },
        "enemyData_2": {
            "translate": [
                98.40799713134766,
                22.679000854492188,
                149.51400756835938
            ],
            "type": 0,
            "velocity": [
                0.0,
                0.0,
                0.0
            ]
        },
        "enemyData_3": {
            "translate": [
                94.10800170898438,
                23.679000854492188,
                148.21400451660156
            ],
            "type": 0,
            "velocity": [
                0.0,
                0.0,
                0.0
            ]
        },
        "popIndex": 85
    }
}
