{
    "pop_8": {
        "enemyData_0": {
            "translate": [
                69.54100036621094,
                16.104000091552734,
                295.83599853515625
            ],
            "type": 0,
            "velocity": [
                0.0,
                0.0,
                0.0
            ]
        },
        "enemyData_1": {
            "translate": [
                69.64099884033203,
                15.604000091552734,
                291.5360107421875
            ],
            "type": 0,
            "velocity": [
                0.0,
                0.0,
                0.0
            ]
        },
        "popIndex": 190
    }
}
