{
    "pop_6": {
        "enemyData_0": {
            "translate": [
                36.643001556396484,
                -13.402000427246094,
                235.21099853515625
            ],
            "type": 2,
            "velocity": [
                0.0,
                1.899999976158142,
                0.0
            ]
        },
        "enemyData_1": {
            "translate": [
                36.79999923706055,
                -12.083999633789063,
                232.6999969482422
            ],
            "type": 2,
            "velocity": [
                0.0,
                2.5,
                0.0
            ]
        },
        "enemyData_2": {
            "translate": [
                39.099998474121094,
                -13.684000015258789,
                232.0
            ],
            "type": 2,
            "velocity": [
                0.0,
                1.7000000476837158,
                0.0
            ]
        },
        "popIndex": 130
    }
}
