{
    "pop_9": {
        "enemyData_0": {
            "translate": [
                127.30599975585938,
                2.072999954223633,
                341.3389892578125
            ],
            "type": 2,
            "velocity": [
                0.0,
                2.200000047683716,
                0.0
            ]
        },
        "enemyData_1": {
            "translate": [
                122.00599670410156,
                4.373000144958496,
                330.9389953613281
            ],
            "type": 2,
            "velocity": [
                0.0,
                1.2999999523162842,
                0.0
            ]
        },
        "popIndex": 46
    }
}
