{
    "pop_3": {
        "enemyData_0": {
            "translate": [
                -8.199999809265137,
                30.393999099731445,
                154.1009979248047
            ],
            "type": 0,
            "velocity": [
                0.0,
                -2.0,
                0.0
            ]
        },
        "enemyData_1": {
            "translate": [
                -6.400000095367432,
                34.194000244140625,
                161.30099487304688
            ],
            "type": 0,
            "velocity": [
                0.0,
                -2.0,
                0.0
            ]
        },
        "popIndex": 70
    }
}
