{
    "pop_20": {
        "enemyData_0": {
            "translate": [
                -44.70881652832031,
                9.045000076293945,
                59.880001068115234
            ],
            "type": 2,
            "velocity": [
                0.0,
                2.200000047683716,
                0.0
            ]
        },
        "enemyData_1": {
            "translate": [
                -35.409000396728516,
                9.045000076293945,
                60.58000183105469
            ],
            "type": 2,
            "velocity": [
                0.0,
                2.0999999046325684,
                0.0
            ]
        },
        "enemyData_2": {
            "translate": [
                -42.10900115966797,
                8.444999694824219,
                39.97999954223633
            ],
            "type": 2,
            "velocity": [
                0.0,
                2.5999999046325684,
                0.0
            ]
        },
        "enemyData_3": {
            "translate": [
                -34.10900115966797,
                9.645000457763672,
                45.279998779296875
            ],
            "type": 2,
            "velocity": [
                0.0,
                2.4000000953674316,
                0.0
            ]
        },
        "enemyData_4": {
            "translate": [
                -42.00899887084961,
                9.944999694824219,
                38.08000183105469
            ],
            "type": 2,
            "velocity": [
                0.0,
                1.399999976158142,
                0.0
            ]
        },
        "enemyData_5": {
            "translate": [
                -29.909000396728516,
                9.944999694824219,
                23.280000686645508
            ],
            "type": 2,
            "velocity": [
                0.0,
                2.0,
                0.0
            ]
        },
        "popIndex": 105
    }
}
