{
    "pop_32": {
        "enemyData_0": {
            "translate": [
                -35.12900161743164,
                22.34600067138672,
                36.8489990234375
            ],
            "type": 0,
            "velocity": [
                0.0,
                -1.7000000476837158,
                0.0
            ]
        },
        "enemyData_1": {
            "translate": [
                -34.52899932861328,
                24.04599952697754,
                39.3489990234375
            ],
            "type": 0,
            "velocity": [
                0.0,
                -1.0,
                0.0
            ]
        },
        "enemyData_2": {
            "translate": [
                -31.52899932861328,
                25.34600067138672,
                23.14900016784668
            ],
            "type": 0,
            "velocity": [
                0.0,
                -1.399999976158142,
                0.0
            ]
        },
        "enemyData_3": {
            "translate": [
                -29.02899932861328,
                26.04599952697754,
                19.448999404907227
            ],
            "type": 0,
            "velocity": [
                0.0,
                -1.2999999523162842,
                0.0
            ]
        },
        "popIndex": 126
    }
}
