{
    "pop_27": {
        "enemyData_0": {
            "translate": [
                141.96600341796875,
                15.357000350952148,
                172.46499633789063
            ],
            "type": 0,
            "velocity": [
                0.0,
                0.0,
                0.0
            ]
        },
        "enemyData_1": {
            "translate": [
                136.0659942626953,
                14.156999588012695,
                170.56500244140625
            ],
            "type": 0,
            "velocity": [
                0.0,
                0.0,
                0.0
            ]
        },
        "enemyData_2": {
            "translate": [
                131.96600341796875,
                13.357000350952148,
                168.6649932861328
            ],
            "type": 0,
            "velocity": [
                0.0,
                0.0,
                0.0
            ]
        },
        "enemyData_3": {
            "translate": [
                133.16600036621094,
                12.656999588012695,
                162.86500549316406
            ],
            "type": 0,
            "velocity": [
                0.0,
                0.0,
                0.0
            ]
        },
        "enemyData_4": {
            "translate": [
                126.46600341796875,
                11.156999588012695,
                160.6649932861328
            ],
            "type": 0,
            "velocity": [
                0.0,
                0.0,
                0.0
            ]
        },
        "enemyData_5": {
            "translate": [
                135.86599731445313,
                13.256999969482422,
                163.36500549316406
            ],
            "type": 0,
            "velocity": [
                0.0,
                0.0,
                0.0
            ]
        },
        "popIndex": 78
    }
}
