{
    "pop_17": {
        "enemyData_0": {
            "translate": [
                95.08399963378906,
                17.448999404907227,
                154.91299438476563
            ],
            "type": 2,
            "velocity": [
                0.0,
                2.799999952316284,
                0.0
            ]
        },
        "enemyData_1": {
            "translate": [
                97.08399963378906,
                16.548999786376953,
                148.11300659179688
            ],
            "type": 2,
            "velocity": [
                0.0,
                1.899999976158142,
                0.0
            ]
        },
        "enemyData_2": {
            "translate": [
                93.28399658203125,
                17.448999404907227,
                152.31300354003906
            ],
            "type": 2,
            "velocity": [
                0.0,
                2.5,
                0.0
            ]
        },
        "enemyData_3": {
            "translate": [
                90.08399963378906,
                19.548999786376953,
                145.81300354003906
            ],
            "type": 2,
            "velocity": [
                0.0,
                1.600000023841858,
                0.0
            ]
        },
        "popIndex": 75
    }
}
