{
    "pop_13": {
        "enemyData_0": {
            "translate": [
                192.70700073242188,
                24.04599952697754,
                161.33299255371094
            ],
            "type": 1,
            "velocity": [
                0.0,
                0.0,
                6.199999809265137
            ]
        },
        "enemyData_1": {
            "translate": [
                265.0069885253906,
                24.746000289916992,
                198.93299865722656
            ],
            "type": 1,
            "velocity": [
                -5.300000190734863,
                0.0,
                0.0
            ]
        },
        "popIndex": 60
    }
}
