{
    "pop_26": {
        "enemyData_0": {
            "translate": [
                176.72000122070313,
                18.200000762939453,
                174.77099609375
            ],
            "type": 2,
            "velocity": [
                0.0,
                1.2999999523162842,
                0.0
            ]
        },
        "enemyData_1": {
            "translate": [
                179.9199981689453,
                19.0,
                177.17100524902344
            ],
            "type": 2,
            "velocity": [
                0.0,
                1.7000000476837158,
                0.0
            ]
        },
        "enemyData_2": {
            "translate": [
                169.1199951171875,
                17.399999618530273,
                170.17100524902344
            ],
            "type": 2,
            "velocity": [
                0.0,
                1.7999999523162842,
                0.0
            ]
        },
        "enemyData_3": {
            "translate": [
                168.22000122070313,
                16.799999237060547,
                161.0709991455078
            ],
            "type": 2,
            "velocity": [
                0.0,
                2.0,
                0.0
            ]
        },
        "popIndex": 78
    }
}
