{
    "pop_4": {
        "enemyData_0": {
            "translate": [
                8.300000190734863,
                36.694000244140625,
                172.50100708007813
            ],
            "type": 0,
            "velocity": [
                0.0,
                -2.0,
                0.0
            ]
        },
        "enemyData_1": {
            "translate": [
                15.399999618530273,
                40.39400100708008,
                179.30099487304688
            ],
            "type": 0,
            "velocity": [
                0.0,
                -2.0,
                0.0
            ]
        },
        "popIndex": 80
    }
}
