{
    "pop_12": {
        "enemyData_0": {
            "translate": [
                195.46200561523438,
                13.630999565124512,
                243.74600219726563
            ],
            "type": 2,
            "velocity": [
                0.0,
                1.100000023841858,
                0.0
            ]
        },
        "enemyData_1": {
            "translate": [
                195.0,
                13.5,
                248.0
            ],
            "type": 2,
            "velocity": [
                0.0,
                1.899999976158142,
                0.0
            ]
        },
        "popIndex": 70
    }
}
