{
    "pop_16": {
        "enemyData_0": {
            "translate": [
                146.41099548339844,
                16.141000747680664,
                165.15699768066406
            ],
            "type": 0,
            "velocity": [
                0.0,
                0.0,
                0.0
            ]
        },
        "enemyData_1": {
            "translate": [
                125.20999908447266,
                10.440999984741211,
                167.85699462890625
            ],
            "type": 0,
            "velocity": [
                0.0,
                0.0,
                0.10000000149011612
            ]
        },
        "enemyData_2": {
            "translate": [
                120.51000213623047,
                12.840999603271484,
                157.0570068359375
            ],
            "type": 0,
            "velocity": [
                0.0,
                0.0,
                0.0
            ]
        },
        "enemyData_3": {
            "translate": [
                102.91100311279297,
                9.940999984741211,
                160.5570068359375
            ],
            "type": 0,
            "velocity": [
                0.0,
                0.0,
                0.0
            ]
        },
        "popIndex": 70
    }
}
