{
    "pop_7": {
        "enemyData_0": {
            "translate": [
                32.099998474121094,
                26.600000381469727,
                251.0
            ],
            "type": 0,
            "velocity": [
                0.0,
                0.0,
                0.0
            ]
        },
        "enemyData_1": {
            "translate": [
                30.299999237060547,
                25.100000381469727,
                251.89999389648438
            ],
            "type": 0,
            "velocity": [
                0.0,
                0.0,
                0.0
            ]
        },
        "enemyData_2": {
            "translate": [
                28.799999237060547,
                26.115999221801758,
                254.1999969482422
            ],
            "type": 0,
            "velocity": [
                0.0,
                0.0,
                0.0
            ]
        },
        "popIndex": 32
    }
}
