{
    "pop_2": {
        "enemyData_0": {
            "translate": [
                -9.37399959564209,
                14.77400016784668,
                129.39999389648438
            ],
            "type": 0,
            "velocity": [
                3.0,
                -2.0,
                0.0
            ]
        },
        "enemyData_1": {
            "translate": [
                9.473999977111816,
                16.374000549316406,
                130.60000610351563
            ],
            "type": 0,
            "velocity": [
                -3.0,
                -2.0,
                0.0
            ]
        },
        "popIndex": 16
    }
}
