{
    "pop_19": {
        "enemyData_0": {
            "translate": [
                -49.57400131225586,
                10.583000183105469,
                74.78399658203125
            ],
            "type": 1,
            "velocity": [
                0.0,
                0.0,
                2.700000047683716
            ]
        },
        "enemyData_1": {
            "translate": [
                -52.07400131225586,
                14.782999992370605,
                65.28399658203125
            ],
            "type": 1,
            "velocity": [
                0.0,
                0.0,
                2.700000047683716
            ]
        },
        "popIndex": 95
    }
}
