{
    "pop_31": {
        "enemyData_0": {
            "translate": [
                -46.49100112915039,
                6.164999961853027,
                114.63999938964844
            ],
            "type": 2,
            "velocity": [
                0.0,
                2.0999999046325684,
                1.2999999523162842
            ]
        },
        "enemyData_1": {
            "translate": [
                -48.29100036621094,
                7.565000057220459,
                109.04000091552734
            ],
            "type": 2,
            "velocity": [
                0.0,
                2.5,
                1.7999999523162842
            ]
        },
        "enemyData_2": {
            "translate": [
                -51.191001892089844,
                5.565000057220459,
                111.04000091552734
            ],
            "type": 2,
            "velocity": [
                0.0,
                2.4000000953674316,
                0.0
            ]
        },
        "enemyData_3": {
            "translate": [
                -53.49100112915039,
                4.664999961853027,
                110.94000244140625
            ],
            "type": 2,
            "velocity": [
                0.0,
                2.5,
                0.0
            ]
        },
        "popIndex": 115
    }
}
