{
    "pop_21": {
        "enemyData_0": {
            "translate": [
                188.69700622558594,
                16.8799991607666,
                244.43099975585938
            ],
            "type": 2,
            "velocity": [
                0.0,
                2.0999999046325684,
                0.0
            ]
        },
        "enemyData_1": {
            "translate": [
                188.0,
                17.0,
                244.0
            ],
            "type": 2,
            "velocity": [
                0.0,
                1.5,
                0.0
            ]
        },
        "enemyData_2": {
            "translate": [
                188.0,
                17.68000030517578,
                240.531005859375
            ],
            "type": 2,
            "velocity": [
                0.0,
                2.0,
                0.0
            ]
        },
        "popIndex": 56
    }
}
