{
    "pop_11": {
        "enemyData_0": {
            "translate": [
                175.03199768066406,
                36.513999938964844,
                230.23599243164063
            ],
            "type": 1,
            "velocity": [
                0.0,
                0.6000000238418579,
                1.7999999523162842
            ]
        },
        "enemyData_1": {
            "translate": [
                163.33200073242188,
                24.81399917602539,
                218.33599853515625
            ],
            "type": 1,
            "velocity": [
                0.0,
                0.0,
                0.0
            ]
        },
        "popIndex": 280
    }
}
