{
    "pop_33": {
        "enemyData_0": {
            "translate": [
                -14.480999946594238,
                27.652999877929688,
                -4.908999919891357
            ],
            "type": 0,
            "velocity": [
                -2.200000047683716,
                0.0,
                0.0
            ]
        },
        "enemyData_1": {
            "translate": [
                -49.32899856567383,
                27.246000289916992,
                -1.8509999513626099
            ],
            "type": 0,
            "velocity": [
                2.0999999046325684,
                0.0,
                0.0
            ]
        },
        "popIndex": 130
    }
}
