{
    "spotLight": {
        "color": [
            1.0,
            1.0,
            1.0,
            1.0
        ],
        "cosAngle": 3.1419999599456787,
        "cosFalloffStart": 0.7071067690849304,
        "decay": 2.0,
        "direction": [
            0.0,
            -0.9486833214759827,
            0.3162277936935425
        ],
        "distance": 20.0,
        "intensity": 10.0,
        "pos": [
            0.0,
            20.0,
            -12.899999618530273
        ]
    }
}
