{
    "spotLight": {
        "color": {
            "w": 1.0,
            "x": 1.0,
            "y": 1.0,
            "z": 1.0
        },
        "cosAngle": -0.5901168584823608,
        "cosFalloffStart": 1.0,
        "decay": 0.30000001192092896,
        "direction": {
            "x": -0.004380157683044672,
            "y": -0.9999904036521912,
            "z": 0.0
        },
        "distance": 10.0,
        "intensity": 2.299999952316284,
        "position": {
            "x": 0.0,
            "y": 0.6000000238418579,
            "z": 0.0
        }
    }
}
