{
    "spotLight": {
        "color": [
            1.0,
            1.0,
            1.0,
            1.0
        ],
        "cosAngle": 3.1419999599456787,
        "cosFalloffStart": 0.8799687027931213,
        "decay": 1.0,
        "direction": [
            0.0,
            -1.0,
            9.176431376545224e-06
        ],
        "distance": 40.0,
        "intensity": 10.0,
        "pos": [
            0.0,
            20.0,
            0.0
        ]
    }
}
