{
    "TutorialUI": {
        "pos0": [
            -15.0,
            7.0,
            4.0
        ],
        "pos1": [
            -5.400000095367432,
            7.0,
            4.0
        ],
        "pos2": [
            4.0,
            7.0,
            4.0
        ],
        "pos3": [
            12.899999618530273,
            7.0,
            4.0
        ]
    }
}
