{
    "spotLight": {
        "color": [
            1.0,
            1.0,
            1.0,
            1.0
        ],
        "cosAngle": 2.9130001068115234,
        "cosFalloffStart": 2.4709999561309814,
        "decay": 1.0,
        "direction": [
            0.0,
            -1.0,
            1.4963094145059586e-05
        ],
        "distance": 25.5,
        "intensity": 26.600000381469727,
        "pos": [
            0.0,
            10.050000190734863,
            0.0
        ]
    }
}
