{
    "mowingdown": {
        "handTransform0": {
            "easeType": 0,
            "moveTimeLimit": 0.5,
            "rotate": [
                0.0,
                0.0,
                0.0,
                1.0
            ],
            "scale": [
                0.5,
                0.5,
                0.5
            ],
            "translate": [
                10.499011039733887,
                7.9999494552612305,
                -9.001709938049316
            ]
        },
        "handTransform1": {
            "easeType": 0,
            "moveTimeLimit": 1.5,
            "rotate": [
                0.0,
                0.0,
                -0.6409528255462646,
                0.7675803899765015
            ],
            "scale": [
                0.5,
                0.5,
                0.5
            ],
            "translate": [
                20.89900016784668,
                7.9999494552612305,
                -22.50200080871582
            ]
        },
        "handTransform2": {
            "easeType": 0,
            "moveTimeLimit": 1.0,
            "rotate": [
                0.0,
                0.0,
                -0.6409528255462646,
                0.7675803899765015
            ],
            "scale": [
                0.5,
                0.5,
                0.5
            ],
            "translate": [
                -19.000999450683594,
                7.9999494552612305,
                -22.50200080871582
            ]
        },
        "handTransform3": {
            "easeType": 0,
            "moveTimeLimit": 0.0,
            "rotate": [
                0.0,
                0.0,
                0.0,
                1.0
            ],
            "scale": [
                0.5,
                0.5,
                0.5
            ],
            "translate": [
                10.399999618530273,
                7.9999494552612305,
                -9.302000045776367
            ]
        }
    }
}
