{
    "test2": {
        "handTransform0": {
            "rotate": [
                0.0,
                0.0,
                0.0,
                1.0
            ],
            "scale": [
                1.0,
                1.0,
                1.0
            ],
            "translate": [
                9.399999618530273,
                3.5,
                0.0
            ]
        },
        "handTransform1": {
            "rotate": [
                0.0,
                0.0,
                0.0,
                1.0
            ],
            "scale": [
                1.0,
                1.0,
                1.0
            ],
            "translate": [
                9.399999618530273,
                3.5,
                -2.200000047683716
            ]
        },
        "handTransform2": {
            "rotate": [
                0.0,
                0.0,
                0.0,
                1.0
            ],
            "scale": [
                1.0,
                1.0,
                1.0
            ],
            "translate": [
                13.300000190734863,
                3.5,
                -2.200000047683716
            ]
        }
    }
}
